,Measure,PGA,LPGA,Difference between tours
0,Total Prize Money,256726356.0,58410411.0,-198315945.0
1,Number of Events,2282.0,2266.0,-16.0
2,Number of Players,100.0,100.0,0.0
3,Avg Money per Event,120282.0,25525.0,-94757.0
4,Avg Difference in Ranking,3.8699999999999974,96.13,92.25999999999999
